i,659
i,191
i,618
i,956
i,437
i,950
i,16
i,23
i,703
i,636
i,83
i,376
i,331
i,58
i,780
i,597
i,666
i,504
i,476
i,234
i,771
i,975
i,151
i,415
i,707
i,572
i,310
i,458
i,568
i,740
i,687
i,92
i,681
i,360
i,375
i,41
i,842
i,741
i,33
i,923
i,28
i,756
i,798
i,831
i,676
i,628
i,370
i,776
i,383
i,596
i,38
i,297
i,416
i,283
i,910
i,717
i,898
i,277
i,872
i,266
i,961
i,529
i,584
i,439
i,187
i,352
i,915
i,454
i,913
i,704
i,398
i,494
i,767
i,35
i,68
i,235
i,513
i,250
i,759
i,889
i,127
i,369
i,97
i,626
i,845
i,577
i,163
i,908
i,721
i,774
i,607
i,98
i,244
i,24
i,709
i,556
i,428
i,686
i,350
i,515